A1,"""I know how to comfort others"" rated on a five point scale (1-5;0 if missed). 1 was labeled as ""strongly disagree"", 2 was labeled as ""disagree"", 3 was labeled as ""neither agree not disagree"", 4 was labeled as ""agree"" and 5 was labeled as ""strongly agree""."
A2,"""I enjoy bringing people together"" rated on a five point scale (1-5;0 if missed). 1 was labeled as ""strongly disagree"", 2 was labeled as ""disagree"", 3 was labeled as ""neither agree not disagree"", 4 was labeled as ""agree"" and 5 was labeled as ""strongly agree""."
A3,"""I feel others' emotions"" rated on a five point scale (1-5;0 if missed). 1 was labeled as ""strongly disagree"", 2 was labeled as ""disagree"", 3 was labeled as ""neither agree not disagree"", 4 was labeled as ""agree"" and 5 was labeled as ""strongly agree""."
A4,"""I take an interest in other people's lives"" rated on a five point scale (1-5;0 if missed). 1 was labeled as ""strongly disagree"", 2 was labeled as ""disagree"", 3 was labeled as ""neither agree not disagree"", 4 was labeled as ""agree"" and 5 was labeled as ""strongly agree""."
A5,"""I cheer people up"" rated on a five point scale (1-5;0 if missed). 1 was labeled as ""strongly disagree"", 2 was labeled as ""disagree"", 3 was labeled as ""neither agree not disagree"", 4 was labeled as ""agree"" and 5 was labeled as ""strongly agree""."
A6,"""I make people feel at ease"" rated on a five point scale (1-5;0 if missed). 1 was labeled as ""strongly disagree"", 2 was labeled as ""disagree"", 3 was labeled as ""neither agree not disagree"", 4 was labeled as ""agree"" and 5 was labeled as ""strongly agree""."
A7,"""I take time out for others"" rated on a five point scale (1-5;0 if missed). 1 was labeled as ""strongly disagree"", 2 was labeled as ""disagree"", 3 was labeled as ""neither agree not disagree"", 4 was labeled as ""agree"" and 5 was labeled as ""strongly agree""."
A8,"""I don't like to get involved in other people's problems"" rated on a five point scale (1-5;0 if missed). 1 was labeled as ""strongly disagree"", 2 was labeled as ""disagree"", 3 was labeled as ""neither agree not disagree"", 4 was labeled as ""agree"" and 5 was labeled as ""strongly agree""."
A9,"""I am not really interested in others"" rated on a five point scale (1-5;0 if missed). 1 was labeled as ""strongly disagree"", 2 was labeled as ""disagree"", 3 was labeled as ""neither agree not disagree"", 4 was labeled as ""agree"" and 5 was labeled as ""strongly agree""."
A10,"""I try not to think about the needy"" rated on a five point scale (1-5;0 if missed). 1 was labeled as ""strongly disagree"", 2 was labeled as ""disagree"", 3 was labeled as ""neither agree not disagree"", 4 was labeled as ""agree"" and 5 was labeled as ""strongly agree""."
B1,"""I make insightful remarks"" rated on a five point scale (1-5;0 if missed). 1 was labeled as ""strongly disagree"", 2 was labeled as ""disagree"", 3 was labeled as ""neither agree not disagree"", 4 was labeled as ""agree"" and 5 was labeled as ""strongly agree""."
B2,"""I know the answers to many questions"" rated on a five point scale (1-5;0 if missed). 1 was labeled as ""strongly disagree"", 2 was labeled as ""disagree"", 3 was labeled as ""neither agree not disagree"", 4 was labeled as ""agree"" and 5 was labeled as ""strongly agree""."
B3,"""I tend to analyze things"" rated on a five point scale (1-5;0 if missed). 1 was labeled as ""strongly disagree"", 2 was labeled as ""disagree"", 3 was labeled as ""neither agree not disagree"", 4 was labeled as ""agree"" and 5 was labeled as ""strongly agree""."
B4,"""I use my brain"" rated on a five point scale (1-5;0 if missed). 1 was labeled as ""strongly disagree"", 2 was labeled as ""disagree"", 3 was labeled as ""neither agree not disagree"", 4 was labeled as ""agree"" and 5 was labeled as ""strongly agree""."
B5,"""I learn quickly"" rated on a five point scale (1-5;0 if missed). 1 was labeled as ""strongly disagree"", 2 was labeled as ""disagree"", 3 was labeled as ""neither agree not disagree"", 4 was labeled as ""agree"" and 5 was labeled as ""strongly agree""."
B6,"""I counter others' arguments"" rated on a five point scale (1-5;0 if missed). 1 was labeled as ""strongly disagree"", 2 was labeled as ""disagree"", 3 was labeled as ""neither agree not disagree"", 4 was labeled as ""agree"" and 5 was labeled as ""strongly agree""."
B7,"""I reflect on things before acting"" rated on a five point scale (1-5;0 if missed). 1 was labeled as ""strongly disagree"", 2 was labeled as ""disagree"", 3 was labeled as ""neither agree not disagree"", 4 was labeled as ""agree"" and 5 was labeled as ""strongly agree""."
B8,"""I weigh the pros against the cons"" rated on a five point scale (1-5;0 if missed). 1 was labeled as ""strongly disagree"", 2 was labeled as ""disagree"", 3 was labeled as ""neither agree not disagree"", 4 was labeled as ""agree"" and 5 was labeled as ""strongly agree""."
B9,"""I consider myself an average person"" rated on a five point scale (1-5;0 if missed). 1 was labeled as ""strongly disagree"", 2 was labeled as ""disagree"", 3 was labeled as ""neither agree not disagree"", 4 was labeled as ""agree"" and 5 was labeled as ""strongly agree""."
B10,"""I get confused easily"" rated on a five point scale (1-5;0 if missed). 1 was labeled as ""strongly disagree"", 2 was labeled as ""disagree"", 3 was labeled as ""neither agree not disagree"", 4 was labeled as ""agree"" and 5 was labeled as ""strongly agree""."
B11,"""I know that I am not a special person"" rated on a five point scale (1-5;0 if missed). 1 was labeled as ""strongly disagree"", 2 was labeled as ""disagree"", 3 was labeled as ""neither agree not disagree"", 4 was labeled as ""agree"" and 5 was labeled as ""strongly agree""."
B12,"""I have a poor vocabulary"" rated on a five point scale (1-5;0 if missed). 1 was labeled as ""strongly disagree"", 2 was labeled as ""disagree"", 3 was labeled as ""neither agree not disagree"", 4 was labeled as ""agree"" and 5 was labeled as ""strongly agree""."
B13,"""I skip difficult words while reading"" rated on a five point scale (1-5;0 if missed). 1 was labeled as ""strongly disagree"", 2 was labeled as ""disagree"", 3 was labeled as ""neither agree not disagree"", 4 was labeled as ""agree"" and 5 was labeled as ""strongly agree""."
C1,"""I seldom feel blue"" rated on a five point scale (1-5;0 if missed). 1 was labeled as ""strongly disagree"", 2 was labeled as ""disagree"", 3 was labeled as ""neither agree not disagree"", 4 was labeled as ""agree"" and 5 was labeled as ""strongly agree""."
C2,"""I feel comfortable with myself"" rated on a five point scale (1-5;0 if missed). 1 was labeled as ""strongly disagree"", 2 was labeled as ""disagree"", 3 was labeled as ""neither agree not disagree"", 4 was labeled as ""agree"" and 5 was labeled as ""strongly agree""."
C3,"""I readily overcome setbacks"" rated on a five point scale (1-5;0 if missed). 1 was labeled as ""strongly disagree"", 2 was labeled as ""disagree"", 3 was labeled as ""neither agree not disagree"", 4 was labeled as ""agree"" and 5 was labeled as ""strongly agree""."
C4,"""I am relaxed most of the time"" rated on a five point scale (1-5;0 if missed). 1 was labeled as ""strongly disagree"", 2 was labeled as ""disagree"", 3 was labeled as ""neither agree not disagree"", 4 was labeled as ""agree"" and 5 was labeled as ""strongly agree""."
C5,"""I am not easily frustrated"" rated on a five point scale (1-5;0 if missed). 1 was labeled as ""strongly disagree"", 2 was labeled as ""disagree"", 3 was labeled as ""neither agree not disagree"", 4 was labeled as ""agree"" and 5 was labeled as ""strongly agree""."
C6,"""I have frequent mood swings"" rated on a five point scale (1-5;0 if missed). 1 was labeled as ""strongly disagree"", 2 was labeled as ""disagree"", 3 was labeled as ""neither agree not disagree"", 4 was labeled as ""agree"" and 5 was labeled as ""strongly agree""."
C7,"""I often feel blue"" rated on a five point scale (1-5;0 if missed). 1 was labeled as ""strongly disagree"", 2 was labeled as ""disagree"", 3 was labeled as ""neither agree not disagree"", 4 was labeled as ""agree"" and 5 was labeled as ""strongly agree""."
C8,"""I dislike myself"" rated on a five point scale (1-5;0 if missed). 1 was labeled as ""strongly disagree"", 2 was labeled as ""disagree"", 3 was labeled as ""neither agree not disagree"", 4 was labeled as ""agree"" and 5 was labeled as ""strongly agree""."
C9,"""I feel desperate"" rated on a five point scale (1-5;0 if missed). 1 was labeled as ""strongly disagree"", 2 was labeled as ""disagree"", 3 was labeled as ""neither agree not disagree"", 4 was labeled as ""agree"" and 5 was labeled as ""strongly agree""."
C10,"""I am easily discouraged"" rated on a five point scale (1-5;0 if missed). 1 was labeled as ""strongly disagree"", 2 was labeled as ""disagree"", 3 was labeled as ""neither agree not disagree"", 4 was labeled as ""agree"" and 5 was labeled as ""strongly agree""."
D1,"""I take charge"" rated on a five point scale (1-5;0 if missed). 1 was labeled as ""strongly disagree"", 2 was labeled as ""disagree"", 3 was labeled as ""neither agree not disagree"", 4 was labeled as ""agree"" and 5 was labeled as ""strongly agree""."
D2,"""I want to be in charge"" rated on a five point scale (1-5;0 if missed). 1 was labeled as ""strongly disagree"", 2 was labeled as ""disagree"", 3 was labeled as ""neither agree not disagree"", 4 was labeled as ""agree"" and 5 was labeled as ""strongly agree""."
D3,"""I say what I think"" rated on a five point scale (1-5;0 if missed). 1 was labeled as ""strongly disagree"", 2 was labeled as ""disagree"", 3 was labeled as ""neither agree not disagree"", 4 was labeled as ""agree"" and 5 was labeled as ""strongly agree""."
D4,"""I am not afraid of providing criticism"" rated on a five point scale (1-5;0 if missed). 1 was labeled as ""strongly disagree"", 2 was labeled as ""disagree"", 3 was labeled as ""neither agree not disagree"", 4 was labeled as ""agree"" and 5 was labeled as ""strongly agree""."
D5,"""I take control of things"" rated on a five point scale (1-5;0 if missed). 1 was labeled as ""strongly disagree"", 2 was labeled as ""disagree"", 3 was labeled as ""neither agree not disagree"", 4 was labeled as ""agree"" and 5 was labeled as ""strongly agree""."
D6,"""I can take strong measures"" rated on a five point scale (1-5;0 if missed). 1 was labeled as ""strongly disagree"", 2 was labeled as ""disagree"", 3 was labeled as ""neither agree not disagree"", 4 was labeled as ""agree"" and 5 was labeled as ""strongly agree""."
D7,"""I wait for others to lead the way"" rated on a five point scale (1-5;0 if missed). 1 was labeled as ""strongly disagree"", 2 was labeled as ""disagree"", 3 was labeled as ""neither agree not disagree"", 4 was labeled as ""agree"" and 5 was labeled as ""strongly agree""."
D8,"""I never challenge things"" rated on a five point scale (1-5;0 if missed). 1 was labeled as ""strongly disagree"", 2 was labeled as ""disagree"", 3 was labeled as ""neither agree not disagree"", 4 was labeled as ""agree"" and 5 was labeled as ""strongly agree""."
D9,"""I let others make the decisions"" rated on a five point scale (1-5;0 if missed). 1 was labeled as ""strongly disagree"", 2 was labeled as ""disagree"", 3 was labeled as ""neither agree not disagree"", 4 was labeled as ""agree"" and 5 was labeled as ""strongly agree""."
D10,"""I let myself be pushed around"" rated on a five point scale (1-5;0 if missed). 1 was labeled as ""strongly disagree"", 2 was labeled as ""disagree"", 3 was labeled as ""neither agree not disagree"", 4 was labeled as ""agree"" and 5 was labeled as ""strongly agree""."
E1,"""I am the life of the party"" rated on a five point scale (1-5;0 if missed). 1 was labeled as ""strongly disagree"", 2 was labeled as ""disagree"", 3 was labeled as ""neither agree not disagree"", 4 was labeled as ""agree"" and 5 was labeled as ""strongly agree""."
E2,"""I love large parties"" rated on a five point scale (1-5;0 if missed). 1 was labeled as ""strongly disagree"", 2 was labeled as ""disagree"", 3 was labeled as ""neither agree not disagree"", 4 was labeled as ""agree"" and 5 was labeled as ""strongly agree""."
E3,"""I joke around a lot"" rated on a five point scale (1-5;0 if missed). 1 was labeled as ""strongly disagree"", 2 was labeled as ""disagree"", 3 was labeled as ""neither agree not disagree"", 4 was labeled as ""agree"" and 5 was labeled as ""strongly agree""."
E4,"""I enjoy being part of a loud crowd"" rated on a five point scale (1-5;0 if missed). 1 was labeled as ""strongly disagree"", 2 was labeled as ""disagree"", 3 was labeled as ""neither agree not disagree"", 4 was labeled as ""agree"" and 5 was labeled as ""strongly agree""."
E5,"""I amuse my friends"" rated on a five point scale (1-5;0 if missed). 1 was labeled as ""strongly disagree"", 2 was labeled as ""disagree"", 3 was labeled as ""neither agree not disagree"", 4 was labeled as ""agree"" and 5 was labeled as ""strongly agree""."
E6,"""I act wild and crazy"" rated on a five point scale (1-5;0 if missed). 1 was labeled as ""strongly disagree"", 2 was labeled as ""disagree"", 3 was labeled as ""neither agree not disagree"", 4 was labeled as ""agree"" and 5 was labeled as ""strongly agree""."
E7,"""I seldom joke around"" rated on a five point scale (1-5;0 if missed). 1 was labeled as ""strongly disagree"", 2 was labeled as ""disagree"", 3 was labeled as ""neither agree not disagree"", 4 was labeled as ""agree"" and 5 was labeled as ""strongly agree""."
E8,"""I don't like crowded events"" rated on a five point scale (1-5;0 if missed). 1 was labeled as ""strongly disagree"", 2 was labeled as ""disagree"", 3 was labeled as ""neither agree not disagree"", 4 was labeled as ""agree"" and 5 was labeled as ""strongly agree""."
E9,"""I am the last to laugh at a joke"" rated on a five point scale (1-5;0 if missed). 1 was labeled as ""strongly disagree"", 2 was labeled as ""disagree"", 3 was labeled as ""neither agree not disagree"", 4 was labeled as ""agree"" and 5 was labeled as ""strongly agree""."
E10,"""I dislike loud music"" rated on a five point scale (1-5;0 if missed). 1 was labeled as ""strongly disagree"", 2 was labeled as ""disagree"", 3 was labeled as ""neither agree not disagree"", 4 was labeled as ""agree"" and 5 was labeled as ""strongly agree""."
F1,"""I believe laws should be strictly enforced"" rated on a five point scale (1-5;0 if missed). 1 was labeled as ""strongly disagree"", 2 was labeled as ""disagree"", 3 was labeled as ""neither agree not disagree"", 4 was labeled as ""agree"" and 5 was labeled as ""strongly agree""."
F2,"""I try to follow the rules"" rated on a five point scale (1-5;0 if missed). 1 was labeled as ""strongly disagree"", 2 was labeled as ""disagree"", 3 was labeled as ""neither agree not disagree"", 4 was labeled as ""agree"" and 5 was labeled as ""strongly agree""."
F3,"""I believe in one true religion"" rated on a five point scale (1-5;0 if missed). 1 was labeled as ""strongly disagree"", 2 was labeled as ""disagree"", 3 was labeled as ""neither agree not disagree"", 4 was labeled as ""agree"" and 5 was labeled as ""strongly agree""."
F4,"""I respect authority"" rated on a five point scale (1-5;0 if missed). 1 was labeled as ""strongly disagree"", 2 was labeled as ""disagree"", 3 was labeled as ""neither agree not disagree"", 4 was labeled as ""agree"" and 5 was labeled as ""strongly agree""."
F5,"""I like to stand during the national anthem"" rated on a five point scale (1-5;0 if missed). 1 was labeled as ""strongly disagree"", 2 was labeled as ""disagree"", 3 was labeled as ""neither agree not disagree"", 4 was labeled as ""agree"" and 5 was labeled as ""strongly agree""."
F6,"""I resist authority"" rated on a five point scale (1-5;0 if missed). 1 was labeled as ""strongly disagree"", 2 was labeled as ""disagree"", 3 was labeled as ""neither agree not disagree"", 4 was labeled as ""agree"" and 5 was labeled as ""strongly agree""."
F7,"""I break rules"" rated on a five point scale (1-5;0 if missed). 1 was labeled as ""strongly disagree"", 2 was labeled as ""disagree"", 3 was labeled as ""neither agree not disagree"", 4 was labeled as ""agree"" and 5 was labeled as ""strongly agree""."
F8,"""I use swear words"" rated on a five point scale (1-5;0 if missed). 1 was labeled as ""strongly disagree"", 2 was labeled as ""disagree"", 3 was labeled as ""neither agree not disagree"", 4 was labeled as ""agree"" and 5 was labeled as ""strongly agree""."
F9,"""I oppose authority"" rated on a five point scale (1-5;0 if missed). 1 was labeled as ""strongly disagree"", 2 was labeled as ""disagree"", 3 was labeled as ""neither agree not disagree"", 4 was labeled as ""agree"" and 5 was labeled as ""strongly agree""."
F10,"""I know how to get around the rules"" rated on a five point scale (1-5;0 if missed). 1 was labeled as ""strongly disagree"", 2 was labeled as ""disagree"", 3 was labeled as ""neither agree not disagree"", 4 was labeled as ""agree"" and 5 was labeled as ""strongly agree""."
G1,"""I feel comfortable around people"" rated on a five point scale (1-5;0 if missed). 1 was labeled as ""strongly disagree"", 2 was labeled as ""disagree"", 3 was labeled as ""neither agree not disagree"", 4 was labeled as ""agree"" and 5 was labeled as ""strongly agree""."
G2,"""I talk to a lot of different people at parties"" rated on a five point scale (1-5;0 if missed). 1 was labeled as ""strongly disagree"", 2 was labeled as ""disagree"", 3 was labeled as ""neither agree not disagree"", 4 was labeled as ""agree"" and 5 was labeled as ""strongly agree""."
G3,"""I don't mind being the center of attention"" rated on a five point scale (1-5;0 if missed). 1 was labeled as ""strongly disagree"", 2 was labeled as ""disagree"", 3 was labeled as ""neither agree not disagree"", 4 was labeled as ""agree"" and 5 was labeled as ""strongly agree""."
G4,"""I make friends easily"" rated on a five point scale (1-5;0 if missed). 1 was labeled as ""strongly disagree"", 2 was labeled as ""disagree"", 3 was labeled as ""neither agree not disagree"", 4 was labeled as ""agree"" and 5 was labeled as ""strongly agree""."
G5,"""I start conversations"" rated on a five point scale (1-5;0 if missed). 1 was labeled as ""strongly disagree"", 2 was labeled as ""disagree"", 3 was labeled as ""neither agree not disagree"", 4 was labeled as ""agree"" and 5 was labeled as ""strongly agree""."
G6,"""I find it difficult to approach others"" rated on a five point scale (1-5;0 if missed). 1 was labeled as ""strongly disagree"", 2 was labeled as ""disagree"", 3 was labeled as ""neither agree not disagree"", 4 was labeled as ""agree"" and 5 was labeled as ""strongly agree""."
G7,"""I often feel uncomfortable around others"" rated on a five point scale (1-5;0 if missed). 1 was labeled as ""strongly disagree"", 2 was labeled as ""disagree"", 3 was labeled as ""neither agree not disagree"", 4 was labeled as ""agree"" and 5 was labeled as ""strongly agree""."
G8,"""I have little to say"" rated on a five point scale (1-5;0 if missed). 1 was labeled as ""strongly disagree"", 2 was labeled as ""disagree"", 3 was labeled as ""neither agree not disagree"", 4 was labeled as ""agree"" and 5 was labeled as ""strongly agree""."
G9,"""I am quiet around strangers"" rated on a five point scale (1-5;0 if missed). 1 was labeled as ""strongly disagree"", 2 was labeled as ""disagree"", 3 was labeled as ""neither agree not disagree"", 4 was labeled as ""agree"" and 5 was labeled as ""strongly agree""."
G10,"""I keep in the background"" rated on a five point scale (1-5;0 if missed). 1 was labeled as ""strongly disagree"", 2 was labeled as ""disagree"", 3 was labeled as ""neither agree not disagree"", 4 was labeled as ""agree"" and 5 was labeled as ""strongly agree""."
H1,"""I like to read"" rated on a five point scale (1-5;0 if missed). 1 was labeled as ""strongly disagree"", 2 was labeled as ""disagree"", 3 was labeled as ""neither agree not disagree"", 4 was labeled as ""agree"" and 5 was labeled as ""strongly agree""."
H2,"""I enjoy discussing movies and books with others"" rated on a five point scale (1-5;0 if missed). 1 was labeled as ""strongly disagree"", 2 was labeled as ""disagree"", 3 was labeled as ""neither agree not disagree"", 4 was labeled as ""agree"" and 5 was labeled as ""strongly agree""."
H3,"""I read a lot"" rated on a five point scale (1-5;0 if missed). 1 was labeled as ""strongly disagree"", 2 was labeled as ""disagree"", 3 was labeled as ""neither agree not disagree"", 4 was labeled as ""agree"" and 5 was labeled as ""strongly agree""."
H4,"""I don't like action movies"" rated on a five point scale (1-5;0 if missed). 1 was labeled as ""strongly disagree"", 2 was labeled as ""disagree"", 3 was labeled as ""neither agree not disagree"", 4 was labeled as ""agree"" and 5 was labeled as ""strongly agree""."
H5,"""I cry during movies"" rated on a five point scale (1-5;0 if missed). 1 was labeled as ""strongly disagree"", 2 was labeled as ""disagree"", 3 was labeled as ""neither agree not disagree"", 4 was labeled as ""agree"" and 5 was labeled as ""strongly agree""."
H6,"""I love flowers"" rated on a five point scale (1-5;0 if missed). 1 was labeled as ""strongly disagree"", 2 was labeled as ""disagree"", 3 was labeled as ""neither agree not disagree"", 4 was labeled as ""agree"" and 5 was labeled as ""strongly agree""."
H7,"""I do not enjoy watching dance performances"" rated on a five point scale (1-5;0 if missed). 1 was labeled as ""strongly disagree"", 2 was labeled as ""disagree"", 3 was labeled as ""neither agree not disagree"", 4 was labeled as ""agree"" and 5 was labeled as ""strongly agree""."
H8,"""I do not like poetry"" rated on a five point scale (1-5;0 if missed). 1 was labeled as ""strongly disagree"", 2 was labeled as ""disagree"", 3 was labeled as ""neither agree not disagree"", 4 was labeled as ""agree"" and 5 was labeled as ""strongly agree""."
H9,"""I dislike works of fiction"" rated on a five point scale (1-5;0 if missed). 1 was labeled as ""strongly disagree"", 2 was labeled as ""disagree"", 3 was labeled as ""neither agree not disagree"", 4 was labeled as ""agree"" and 5 was labeled as ""strongly agree""."
H10,"""I rarely notice my emotional reactions"" rated on a five point scale (1-5;0 if missed). 1 was labeled as ""strongly disagree"", 2 was labeled as ""disagree"", 3 was labeled as ""neither agree not disagree"", 4 was labeled as ""agree"" and 5 was labeled as ""strongly agree""."
I1,"""I find it hard to forgive others"" rated on a five point scale (1-5;0 if missed). 1 was labeled as ""strongly disagree"", 2 was labeled as ""disagree"", 3 was labeled as ""neither agree not disagree"", 4 was labeled as ""agree"" and 5 was labeled as ""strongly agree""."
I2,"""I suspect hidden motives in others"" rated on a five point scale (1-5;0 if missed). 1 was labeled as ""strongly disagree"", 2 was labeled as ""disagree"", 3 was labeled as ""neither agree not disagree"", 4 was labeled as ""agree"" and 5 was labeled as ""strongly agree""."
I3,"""I am wary of others"" rated on a five point scale (1-5;0 if missed). 1 was labeled as ""strongly disagree"", 2 was labeled as ""disagree"", 3 was labeled as ""neither agree not disagree"", 4 was labeled as ""agree"" and 5 was labeled as ""strongly agree""."
I4,"""I distrust people"" rated on a five point scale (1-5;0 if missed). 1 was labeled as ""strongly disagree"", 2 was labeled as ""disagree"", 3 was labeled as ""neither agree not disagree"", 4 was labeled as ""agree"" and 5 was labeled as ""strongly agree""."
I5,"""I believe that people seldom tell you the whole truth"" rated on a five point scale (1-5;0 if missed). 1 was labeled as ""strongly disagree"", 2 was labeled as ""disagree"", 3 was labeled as ""neither agree not disagree"", 4 was labeled as ""agree"" and 5 was labeled as ""strongly agree""."
I6,"""I believe that people are essentially evil"" rated on a five point scale (1-5;0 if missed). 1 was labeled as ""strongly disagree"", 2 was labeled as ""disagree"", 3 was labeled as ""neither agree not disagree"", 4 was labeled as ""agree"" and 5 was labeled as ""strongly agree""."
I7,"""I trust what people say"" rated on a five point scale (1-5;0 if missed). 1 was labeled as ""strongly disagree"", 2 was labeled as ""disagree"", 3 was labeled as ""neither agree not disagree"", 4 was labeled as ""agree"" and 5 was labeled as ""strongly agree""."
I8,"""I trust others"" rated on a five point scale (1-5;0 if missed). 1 was labeled as ""strongly disagree"", 2 was labeled as ""disagree"", 3 was labeled as ""neither agree not disagree"", 4 was labeled as ""agree"" and 5 was labeled as ""strongly agree""."
I9,"""I believe that others have good intentions"" rated on a five point scale (1-5;0 if missed). 1 was labeled as ""strongly disagree"", 2 was labeled as ""disagree"", 3 was labeled as ""neither agree not disagree"", 4 was labeled as ""agree"" and 5 was labeled as ""strongly agree""."
I10,"""I believe that people are basically moral"" rated on a five point scale (1-5;0 if missed). 1 was labeled as ""strongly disagree"", 2 was labeled as ""disagree"", 3 was labeled as ""neither agree not disagree"", 4 was labeled as ""agree"" and 5 was labeled as ""strongly agree""."
J1,"""I do things that others find strange"" rated on a five point scale (1-5;0 if missed). 1 was labeled as ""strongly disagree"", 2 was labeled as ""disagree"", 3 was labeled as ""neither agree not disagree"", 4 was labeled as ""agree"" and 5 was labeled as ""strongly agree""."
J2,"""I like to get lost in thought"" rated on a five point scale (1-5;0 if missed). 1 was labeled as ""strongly disagree"", 2 was labeled as ""disagree"", 3 was labeled as ""neither agree not disagree"", 4 was labeled as ""agree"" and 5 was labeled as ""strongly agree""."
J3,"""I enjoy wild flights of fantasy"" rated on a five point scale (1-5;0 if missed). 1 was labeled as ""strongly disagree"", 2 was labeled as ""disagree"", 3 was labeled as ""neither agree not disagree"", 4 was labeled as ""agree"" and 5 was labeled as ""strongly agree""."
J4,"""I love to daydream"" rated on a five point scale (1-5;0 if missed). 1 was labeled as ""strongly disagree"", 2 was labeled as ""disagree"", 3 was labeled as ""neither agree not disagree"", 4 was labeled as ""agree"" and 5 was labeled as ""strongly agree""."
J5,"""I swim against the current"" rated on a five point scale (1-5;0 if missed). 1 was labeled as ""strongly disagree"", 2 was labeled as ""disagree"", 3 was labeled as ""neither agree not disagree"", 4 was labeled as ""agree"" and 5 was labeled as ""strongly agree""."
J6,"""I take deviant positions"" rated on a five point scale (1-5;0 if missed). 1 was labeled as ""strongly disagree"", 2 was labeled as ""disagree"", 3 was labeled as ""neither agree not disagree"", 4 was labeled as ""agree"" and 5 was labeled as ""strongly agree""."
J7,"""I do unexpected things"" rated on a five point scale (1-5;0 if missed). 1 was labeled as ""strongly disagree"", 2 was labeled as ""disagree"", 3 was labeled as ""neither agree not disagree"", 4 was labeled as ""agree"" and 5 was labeled as ""strongly agree""."
J8,"""I do things by the book"" rated on a five point scale (1-5;0 if missed). 1 was labeled as ""strongly disagree"", 2 was labeled as ""disagree"", 3 was labeled as ""neither agree not disagree"", 4 was labeled as ""agree"" and 5 was labeled as ""strongly agree""."
J9,"""I seldom daydream"" rated on a five point scale (1-5;0 if missed). 1 was labeled as ""strongly disagree"", 2 was labeled as ""disagree"", 3 was labeled as ""neither agree not disagree"", 4 was labeled as ""agree"" and 5 was labeled as ""strongly agree""."
J10,"""I seldom get lost in thought"" rated on a five point scale (1-5;0 if missed). 1 was labeled as ""strongly disagree"", 2 was labeled as ""disagree"", 3 was labeled as ""neither agree not disagree"", 4 was labeled as ""agree"" and 5 was labeled as ""strongly agree""."
K1,"""I reveal little about myself"" rated on a five point scale (1-5;0 if missed). 1 was labeled as ""strongly disagree"", 2 was labeled as ""disagree"", 3 was labeled as ""neither agree not disagree"", 4 was labeled as ""agree"" and 5 was labeled as ""strongly agree""."
K2,"""I am hard to get to know"" rated on a five point scale (1-5;0 if missed). 1 was labeled as ""strongly disagree"", 2 was labeled as ""disagree"", 3 was labeled as ""neither agree not disagree"", 4 was labeled as ""agree"" and 5 was labeled as ""strongly agree""."
K3,"""I don't talk a lot"" rated on a five point scale (1-5;0 if missed). 1 was labeled as ""strongly disagree"", 2 was labeled as ""disagree"", 3 was labeled as ""neither agree not disagree"", 4 was labeled as ""agree"" and 5 was labeled as ""strongly agree""."
K4,"""I bottle up my feelings"" rated on a five point scale (1-5;0 if missed). 1 was labeled as ""strongly disagree"", 2 was labeled as ""disagree"", 3 was labeled as ""neither agree not disagree"", 4 was labeled as ""agree"" and 5 was labeled as ""strongly agree""."
K5,"""I keep my thoughts to myself"" rated on a five point scale (1-5;0 if missed). 1 was labeled as ""strongly disagree"", 2 was labeled as ""disagree"", 3 was labeled as ""neither agree not disagree"", 4 was labeled as ""agree"" and 5 was labeled as ""strongly agree""."
K6,"""I am open about myself to others"" rated on a five point scale (1-5;0 if missed). 1 was labeled as ""strongly disagree"", 2 was labeled as ""disagree"", 3 was labeled as ""neither agree not disagree"", 4 was labeled as ""agree"" and 5 was labeled as ""strongly agree""."
K7,"""I am open about my feelings"" rated on a five point scale (1-5;0 if missed). 1 was labeled as ""strongly disagree"", 2 was labeled as ""disagree"", 3 was labeled as ""neither agree not disagree"", 4 was labeled as ""agree"" and 5 was labeled as ""strongly agree""."
K8,"""I disclose my intimate thoughts"" rated on a five point scale (1-5;0 if missed). 1 was labeled as ""strongly disagree"", 2 was labeled as ""disagree"", 3 was labeled as ""neither agree not disagree"", 4 was labeled as ""agree"" and 5 was labeled as ""strongly agree""."
K9,"""I show my feelings"" rated on a five point scale (1-5;0 if missed). 1 was labeled as ""strongly disagree"", 2 was labeled as ""disagree"", 3 was labeled as ""neither agree not disagree"", 4 was labeled as ""agree"" and 5 was labeled as ""strongly agree""."
K10,"""I am willing to talk about myself"" rated on a five point scale (1-5;0 if missed). 1 was labeled as ""strongly disagree"", 2 was labeled as ""disagree"", 3 was labeled as ""neither agree not disagree"", 4 was labeled as ""agree"" and 5 was labeled as ""strongly agree""."
L1,"""I am afraid that I will do the wrong thing"" rated on a five point scale (1-5;0 if missed). 1 was labeled as ""strongly disagree"", 2 was labeled as ""disagree"", 3 was labeled as ""neither agree not disagree"", 4 was labeled as ""agree"" and 5 was labeled as ""strongly agree""."
L2,"""I feel threatened easily"" rated on a five point scale (1-5;0 if missed). 1 was labeled as ""strongly disagree"", 2 was labeled as ""disagree"", 3 was labeled as ""neither agree not disagree"", 4 was labeled as ""agree"" and 5 was labeled as ""strongly agree""."
L3,"""I am easily hurt"" rated on a five point scale (1-5;0 if missed). 1 was labeled as ""strongly disagree"", 2 was labeled as ""disagree"", 3 was labeled as ""neither agree not disagree"", 4 was labeled as ""agree"" and 5 was labeled as ""strongly agree""."
L4,"""I worry about things"" rated on a five point scale (1-5;0 if missed). 1 was labeled as ""strongly disagree"", 2 was labeled as ""disagree"", 3 was labeled as ""neither agree not disagree"", 4 was labeled as ""agree"" and 5 was labeled as ""strongly agree""."
L5,"""I spend time thinking about past mistakes"" rated on a five point scale (1-5;0 if missed). 1 was labeled as ""strongly disagree"", 2 was labeled as ""disagree"", 3 was labeled as ""neither agree not disagree"", 4 was labeled as ""agree"" and 5 was labeled as ""strongly agree""."
L6,"""I feel guilty when I say 'no'"" rated on a five point scale (1-5;0 if missed). 1 was labeled as ""strongly disagree"", 2 was labeled as ""disagree"", 3 was labeled as ""neither agree not disagree"", 4 was labeled as ""agree"" and 5 was labeled as ""strongly agree""."
L7,"""I feel crushed by setbacks"" rated on a five point scale (1-5;0 if missed). 1 was labeled as ""strongly disagree"", 2 was labeled as ""disagree"", 3 was labeled as ""neither agree not disagree"", 4 was labeled as ""agree"" and 5 was labeled as ""strongly agree""."
L8,"""I don't worry about things that have already happened"" rated on a five point scale (1-5;0 if missed). 1 was labeled as ""strongly disagree"", 2 was labeled as ""disagree"", 3 was labeled as ""neither agree not disagree"", 4 was labeled as ""agree"" and 5 was labeled as ""strongly agree""."
L9,"""I am not easily bothered by things"" rated on a five point scale (1-5;0 if missed). 1 was labeled as ""strongly disagree"", 2 was labeled as ""disagree"", 3 was labeled as ""neither agree not disagree"", 4 was labeled as ""agree"" and 5 was labeled as ""strongly agree""."
L10,"""I don't let others discourage me"" rated on a five point scale (1-5;0 if missed). 1 was labeled as ""strongly disagree"", 2 was labeled as ""disagree"", 3 was labeled as ""neither agree not disagree"", 4 was labeled as ""agree"" and 5 was labeled as ""strongly agree""."
M1,"""I believe in the importance of art"" rated on a five point scale (1-5;0 if missed). 1 was labeled as ""strongly disagree"", 2 was labeled as ""disagree"", 3 was labeled as ""neither agree not disagree"", 4 was labeled as ""agree"" and 5 was labeled as ""strongly agree""."
M2,"""I love to think up new ways of doing things"" rated on a five point scale (1-5;0 if missed). 1 was labeled as ""strongly disagree"", 2 was labeled as ""disagree"", 3 was labeled as ""neither agree not disagree"", 4 was labeled as ""agree"" and 5 was labeled as ""strongly agree""."
M3,"""I enjoy hearing new ideas"" rated on a five point scale (1-5;0 if missed). 1 was labeled as ""strongly disagree"", 2 was labeled as ""disagree"", 3 was labeled as ""neither agree not disagree"", 4 was labeled as ""agree"" and 5 was labeled as ""strongly agree""."
M4,"""I carry the conversation to a higher level"" rated on a five point scale (1-5;0 if missed). 1 was labeled as ""strongly disagree"", 2 was labeled as ""disagree"", 3 was labeled as ""neither agree not disagree"", 4 was labeled as ""agree"" and 5 was labeled as ""strongly agree""."
M5,"""I prefer variety to routine"" rated on a five point scale (1-5;0 if missed). 1 was labeled as ""strongly disagree"", 2 was labeled as ""disagree"", 3 was labeled as ""neither agree not disagree"", 4 was labeled as ""agree"" and 5 was labeled as ""strongly agree""."
M6,"""I avoid philosophical discussions"" rated on a five point scale (1-5;0 if missed). 1 was labeled as ""strongly disagree"", 2 was labeled as ""disagree"", 3 was labeled as ""neither agree not disagree"", 4 was labeled as ""agree"" and 5 was labeled as ""strongly agree""."
M7,"""I rarely look for a deeper meaning in things"" rated on a five point scale (1-5;0 if missed). 1 was labeled as ""strongly disagree"", 2 was labeled as ""disagree"", 3 was labeled as ""neither agree not disagree"", 4 was labeled as ""agree"" and 5 was labeled as ""strongly agree""."
M8,"""I am not interested in theoretical discussions"" rated on a five point scale (1-5;0 if missed). 1 was labeled as ""strongly disagree"", 2 was labeled as ""disagree"", 3 was labeled as ""neither agree not disagree"", 4 was labeled as ""agree"" and 5 was labeled as ""strongly agree""."
M9,"""I am not interested in abstract ideas"" rated on a five point scale (1-5;0 if missed). 1 was labeled as ""strongly disagree"", 2 was labeled as ""disagree"", 3 was labeled as ""neither agree not disagree"", 4 was labeled as ""agree"" and 5 was labeled as ""strongly agree""."
M10,"""I try to avoid complex people"" rated on a five point scale (1-5;0 if missed). 1 was labeled as ""strongly disagree"", 2 was labeled as ""disagree"", 3 was labeled as ""neither agree not disagree"", 4 was labeled as ""agree"" and 5 was labeled as ""strongly agree""."
N1,"""I want to be left alone"" rated on a five point scale (1-5;0 if missed). 1 was labeled as ""strongly disagree"", 2 was labeled as ""disagree"", 3 was labeled as ""neither agree not disagree"", 4 was labeled as ""agree"" and 5 was labeled as ""strongly agree""."
N2,"""I prefer to do things by myself"" rated on a five point scale (1-5;0 if missed). 1 was labeled as ""strongly disagree"", 2 was labeled as ""disagree"", 3 was labeled as ""neither agree not disagree"", 4 was labeled as ""agree"" and 5 was labeled as ""strongly agree""."
N3,"""I enjoy spending time by myself"" rated on a five point scale (1-5;0 if missed). 1 was labeled as ""strongly disagree"", 2 was labeled as ""disagree"", 3 was labeled as ""neither agree not disagree"", 4 was labeled as ""agree"" and 5 was labeled as ""strongly agree""."
N4,"""I seek quiet"" rated on a five point scale (1-5;0 if missed). 1 was labeled as ""strongly disagree"", 2 was labeled as ""disagree"", 3 was labeled as ""neither agree not disagree"", 4 was labeled as ""agree"" and 5 was labeled as ""strongly agree""."
N5,"""I don't mind eating alone"" rated on a five point scale (1-5;0 if missed). 1 was labeled as ""strongly disagree"", 2 was labeled as ""disagree"", 3 was labeled as ""neither agree not disagree"", 4 was labeled as ""agree"" and 5 was labeled as ""strongly agree""."
N6,"""I enjoy silence"" rated on a five point scale (1-5;0 if missed). 1 was labeled as ""strongly disagree"", 2 was labeled as ""disagree"", 3 was labeled as ""neither agree not disagree"", 4 was labeled as ""agree"" and 5 was labeled as ""strongly agree""."
N7,"""I enjoy my privacy"" rated on a five point scale (1-5;0 if missed). 1 was labeled as ""strongly disagree"", 2 was labeled as ""disagree"", 3 was labeled as ""neither agree not disagree"", 4 was labeled as ""agree"" and 5 was labeled as ""strongly agree""."
N8,"""I enjoy being part of a group"" rated on a five point scale (1-5;0 if missed). 1 was labeled as ""strongly disagree"", 2 was labeled as ""disagree"", 3 was labeled as ""neither agree not disagree"", 4 was labeled as ""agree"" and 5 was labeled as ""strongly agree""."
N9,"""I enjoy teamwork"" rated on a five point scale (1-5;0 if missed). 1 was labeled as ""strongly disagree"", 2 was labeled as ""disagree"", 3 was labeled as ""neither agree not disagree"", 4 was labeled as ""agree"" and 5 was labeled as ""strongly agree""."
N10,"""I can't do without the company of others"" rated on a five point scale (1-5;0 if missed). 1 was labeled as ""strongly disagree"", 2 was labeled as ""disagree"", 3 was labeled as ""neither agree not disagree"", 4 was labeled as ""agree"" and 5 was labeled as ""strongly agree""."
O1,"""I want everything to be 'just right'"" rated on a five point scale (1-5;0 if missed). 1 was labeled as ""strongly disagree"", 2 was labeled as ""disagree"", 3 was labeled as ""neither agree not disagree"", 4 was labeled as ""agree"" and 5 was labeled as ""strongly agree""."
O2,"""I get chores done right away"" rated on a five point scale (1-5;0 if missed). 1 was labeled as ""strongly disagree"", 2 was labeled as ""disagree"", 3 was labeled as ""neither agree not disagree"", 4 was labeled as ""agree"" and 5 was labeled as ""strongly agree""."
O3,"""I like order"" rated on a five point scale (1-5;0 if missed). 1 was labeled as ""strongly disagree"", 2 was labeled as ""disagree"", 3 was labeled as ""neither agree not disagree"", 4 was labeled as ""agree"" and 5 was labeled as ""strongly agree""."
O4,"""I continue until everything is perfect"" rated on a five point scale (1-5;0 if missed). 1 was labeled as ""strongly disagree"", 2 was labeled as ""disagree"", 3 was labeled as ""neither agree not disagree"", 4 was labeled as ""agree"" and 5 was labeled as ""strongly agree""."
O5,"""I am exacting in my work"" rated on a five point scale (1-5;0 if missed). 1 was labeled as ""strongly disagree"", 2 was labeled as ""disagree"", 3 was labeled as ""neither agree not disagree"", 4 was labeled as ""agree"" and 5 was labeled as ""strongly agree""."
O6,"""I am not bothered by messy people"" rated on a five point scale (1-5;0 if missed). 1 was labeled as ""strongly disagree"", 2 was labeled as ""disagree"", 3 was labeled as ""neither agree not disagree"", 4 was labeled as ""agree"" and 5 was labeled as ""strongly agree""."
O7,"""I am not bothered by disorder"" rated on a five point scale (1-5;0 if missed). 1 was labeled as ""strongly disagree"", 2 was labeled as ""disagree"", 3 was labeled as ""neither agree not disagree"", 4 was labeled as ""agree"" and 5 was labeled as ""strongly agree""."
O8,"""I leave a mess in my room"" rated on a five point scale (1-5;0 if missed). 1 was labeled as ""strongly disagree"", 2 was labeled as ""disagree"", 3 was labeled as ""neither agree not disagree"", 4 was labeled as ""agree"" and 5 was labeled as ""strongly agree""."
O9,"""I leave my belongings around"" rated on a five point scale (1-5;0 if missed). 1 was labeled as ""strongly disagree"", 2 was labeled as ""disagree"", 3 was labeled as ""neither agree not disagree"", 4 was labeled as ""agree"" and 5 was labeled as ""strongly agree""."
O10,"""I put off unpleasant tasks"" rated on a five point scale (1-5;0 if missed). 1 was labeled as ""strongly disagree"", 2 was labeled as ""disagree"", 3 was labeled as ""neither agree not disagree"", 4 was labeled as ""agree"" and 5 was labeled as ""strongly agree""."
P1,"""I get irritated easily"" rated on a five point scale (1-5;0 if missed). 1 was labeled as ""strongly disagree"", 2 was labeled as ""disagree"", 3 was labeled as ""neither agree not disagree"", 4 was labeled as ""agree"" and 5 was labeled as ""strongly agree""."
P2,"""I get angry easily"" rated on a five point scale (1-5;0 if missed). 1 was labeled as ""strongly disagree"", 2 was labeled as ""disagree"", 3 was labeled as ""neither agree not disagree"", 4 was labeled as ""agree"" and 5 was labeled as ""strongly agree""."
P3,"""I am quick to judge others"" rated on a five point scale (1-5;0 if missed). 1 was labeled as ""strongly disagree"", 2 was labeled as ""disagree"", 3 was labeled as ""neither agree not disagree"", 4 was labeled as ""agree"" and 5 was labeled as ""strongly agree""."
P4,"""I am annoyed by others' mistakes"" rated on a five point scale (1-5;0 if missed). 1 was labeled as ""strongly disagree"", 2 was labeled as ""disagree"", 3 was labeled as ""neither agree not disagree"", 4 was labeled as ""agree"" and 5 was labeled as ""strongly agree""."
P5,"""I am easily put out"" rated on a five point scale (1-5;0 if missed). 1 was labeled as ""strongly disagree"", 2 was labeled as ""disagree"", 3 was labeled as ""neither agree not disagree"", 4 was labeled as ""agree"" and 5 was labeled as ""strongly agree""."
P6,"""I can't stand being contradicted"" rated on a five point scale (1-5;0 if missed). 1 was labeled as ""strongly disagree"", 2 was labeled as ""disagree"", 3 was labeled as ""neither agree not disagree"", 4 was labeled as ""agree"" and 5 was labeled as ""strongly agree""."
P7,"""I judge people by their appearance"" rated on a five point scale (1-5;0 if missed). 1 was labeled as ""strongly disagree"", 2 was labeled as ""disagree"", 3 was labeled as ""neither agree not disagree"", 4 was labeled as ""agree"" and 5 was labeled as ""strongly agree""."
P8,"""I am not easily annoyed"" rated on a five point scale (1-5;0 if missed). 1 was labeled as ""strongly disagree"", 2 was labeled as ""disagree"", 3 was labeled as ""neither agree not disagree"", 4 was labeled as ""agree"" and 5 was labeled as ""strongly agree""."
P9,"""I try to forgive and forget"" rated on a five point scale (1-5;0 if missed). 1 was labeled as ""strongly disagree"", 2 was labeled as ""disagree"", 3 was labeled as ""neither agree not disagree"", 4 was labeled as ""agree"" and 5 was labeled as ""strongly agree""."
